{"cameraMode":{"drawMode":0,"name":"Shaded","section":"Shading Mode"},"sceneLighting":true,"audioPlay":false,"sceneViewState":{"m_AlwaysRefresh":false,"showFog":true,"showSkybox":true,"showFlares":true,"showImageEffects":true,"showParticleSystems":true,"showVisualEffectGraphs":true,"m_FxEnabled":true},"in2DMode":false,"pivot":{"x":-0.5638666152954102,"y":0.09190759062767029,"z":0.05143163353204727},"rotation":{"x":0.15342366695404054,"y":-0.7488512992858887,"z":0.18611249327659608,"w":0.6172934770584106},"size":1.0128254890441895,"orthographic":true}