{"cameraMode":{"drawMode":0,"name":"Shaded","section":"Shading Mode"},"sceneLighting":true,"audioPlay":false,"sceneViewState":{"m_AlwaysRefresh":false,"showFog":true,"showSkybox":true,"showFlares":true,"showImageEffects":true,"showParticleSystems":true,"showVisualEffectGraphs":true,"m_FxEnabled":true},"in2DMode":false,"pivot":{"x":-2.8874096870422365,"y":0.022346079349517823,"z":-0.11119836568832398},"rotation":{"x":-0.07435566931962967,"y":-0.8505498170852661,"z":0.1251603066921234,"w":-0.505350649356842},"size":2.0321786403656008,"orthographic":true}