{"cameraMode":{"drawMode":0,"name":"Shaded","section":"Shading Mode"},"sceneLighting":true,"audioPlay":false,"sceneViewState":{"m_AlwaysRefresh":false,"showFog":true,"showSkybox":true,"showFlares":true,"showImageEffects":true,"showParticleSystems":true,"showVisualEffectGraphs":true,"m_FxEnabled":true},"in2DMode":false,"pivot":{"x":1.5104353427886963,"y":-0.7025676965713501,"z":1.4359774589538575},"rotation":{"x":0.10777289420366287,"y":0.017893921583890916,"z":-0.0019400063902139664,"w":0.9940136671066284},"size":6.0722975730896,"orthographic":true}