{"cameraMode":{"drawMode":0,"name":"Shaded","section":"Shading Mode"},"sceneLighting":true,"audioPlay":false,"sceneViewState":{"m_AlwaysRefresh":false,"showFog":true,"showSkybox":true,"showFlares":true,"showImageEffects":true,"showParticleSystems":true,"showVisualEffectGraphs":true,"m_FxEnabled":true},"in2DMode":false,"pivot":{"x":-0.2829008400440216,"y":-0.07176327705383301,"z":1.2546837329864503},"rotation":{"x":-0.001498791272751987,"y":-0.03899023309350014,"z":-0.00005827581844641827,"w":0.9992392659187317},"size":1.587860345840454,"orthographic":true}