{"cameraMode":{"drawMode":0,"name":"Shaded","section":"Shading Mode"},"sceneLighting":true,"audioPlay":false,"sceneViewState":{"m_AlwaysRefresh":false,"showFog":true,"showSkybox":true,"showFlares":true,"showImageEffects":true,"showParticleSystems":true,"showVisualEffectGraphs":true,"m_FxEnabled":true},"in2DMode":false,"pivot":{"x":0.12473423033952713,"y":0.22664408385753632,"z":0.012240409851074219},"rotation":{"x":-0.001498791272751987,"y":-0.03899023309350014,"z":-0.00005827581844641827,"w":0.9992392659187317},"size":1.2714592218399048,"orthographic":true}